N, P, entropy, rsquared, cycles, heap sort, insertion sort, merge sort, selection sort, smooth sort, tim sort
10000, 1.000000, 8.624353, 0.000004, 1, 15.000000, 1758.000000, 35.000000, 621.000000, 35.000000, 19.000000
10000, 1.000000, 8.630718, 0.000280, 1, 12.000000, 0.000000, 27.000000, 0.000000, 35.000000, 21.000000
100000, 1.000000, 10.937745, 0.000037, 1, 204.000000, 0.000000, 326.000000, 0.000000, 497.000000, 282.000000
1000000, 1.000000, 13.242533, 0.000000, 1, 2891.000000, 0.000000, 3705.000000, 0.000000, 6537.000000, 3328.000000
1000000, 0.500000, 11.879365, 0.182823, 1, 2508.000000, 0.000000, 3695.000000, 0.000000, 5403.000000, 3216.000000
1000000, 0.150000, 6.220447, 0.658098, 1, 1901.000000, 0.000000, 3644.000000, 0.000000, 4015.000000, 3121.000000
